2018-04-13 00:00:04, 22.1, 89.6
2018-04-13 00:01:04, 22.1, 89.6
2018-04-13 00:02:05, 22.1, 89.6
2018-04-13 00:03:06, 22.1, 89.6
2018-04-13 00:04:08, 22.0, 89.5
2018-04-13 00:05:09, 22.0, 89.5
2018-04-13 00:06:09, 22.0, 89.5
2018-04-13 00:07:10, 22.0, 89.5
2018-04-13 00:08:12, 22.0, 89.5
2018-04-13 00:09:12, 22.0, 89.5
2018-04-13 00:10:13, 22.0, 89.5
2018-04-13 00:11:14, 22.0, 89.5
2018-04-13 00:12:16, 22.0, 89.5
2018-04-13 00:13:17, 22.0, 89.5
2018-04-13 00:14:17, 22.0, 89.5
2018-04-13 00:15:18, 22.0, 89.5
2018-04-13 00:16:20, 22.0, 89.6
2018-04-13 00:17:21, 22.0, 89.6
2018-04-13 00:18:22, 22.0, 89.6
2018-04-13 00:19:22, 22.0, 89.6
2018-04-13 00:21:55, 22.0, 89.6
2018-04-13 00:22:56, 22.0, 89.6
2018-04-13 00:23:57, 22.0, 89.6
2018-04-13 00:24:58, 22.0, 89.6
2018-04-13 00:25:58, 22.0, 89.6
2018-04-13 00:27:00, 21.9, 89.7
2018-04-13 00:28:01, 21.9, 89.7
2018-04-13 00:29:01, 21.9, 89.7
2018-04-13 00:30:02, 21.9, 89.7
2018-04-13 00:31:04, 22.0, 89.7
2018-04-13 00:32:05, 22.0, 89.7
2018-04-13 00:33:06, 22.0, 89.7
2018-04-13 00:34:07, 22.0, 89.7
2018-04-13 00:35:09, 22.0, 89.7
2018-04-13 00:36:09, 22.0, 89.7
2018-04-13 00:37:10, 22.0, 89.7
2018-04-13 00:38:11, 22.0, 89.7
2018-04-13 00:39:13, 22.0, 89.7
2018-04-13 00:40:13, 22.0, 89.7
2018-04-13 00:41:14, 22.0, 89.7
2018-04-13 00:42:14, 22.0, 89.7
2018-04-13 00:43:16, 22.0, 89.6
2018-04-13 00:44:17, 22.0, 89.6
2018-04-13 00:45:18, 22.0, 89.6
2018-04-13 00:46:18, 22.0, 89.6
2018-04-13 00:47:20, 22.0, 89.5
2018-04-13 00:48:21, 22.0, 89.5
2018-04-13 00:49:22, 22.0, 89.5
2018-04-13 00:50:22, 22.0, 89.5
2018-04-13 00:51:24, 22.0, 89.5
2018-04-13 00:52:25, 22.0, 89.5
2018-04-13 00:53:26, 22.0, 89.5
2018-04-13 00:54:27, 22.0, 89.5
2018-04-13 00:55:29, 22.0, 89.5
2018-04-13 00:56:29, 22.0, 89.5
2018-04-13 00:57:30, 22.0, 89.5
2018-04-13 00:58:31, 22.0, 89.5
2018-04-13 00:59:33, 22.0, 89.5
2018-04-13 01:00:33, 22.0, 89.5
2018-04-13 01:01:34, 22.0, 89.5
2018-04-13 01:02:34, 22.0, 89.5
2018-04-13 01:03:37, 22.0, 89.5
2018-04-13 01:04:37, 22.0, 89.5
2018-04-13 01:05:38, 22.0, 89.5
2018-04-13 01:06:38, 22.0, 89.5
2018-04-13 01:07:40, 22.0, 89.5
2018-04-13 01:08:41, 22.0, 89.5
2018-04-13 01:09:42, 22.0, 89.5
2018-04-13 01:10:42, 22.0, 89.5
2018-04-13 01:11:44, 22.0, 89.5
2018-04-13 01:12:45, 22.0, 89.5
2018-04-13 01:13:46, 22.0, 89.5
2018-04-13 01:14:46, 22.0, 89.5
2018-04-13 01:15:48, 22.0, 89.5
2018-04-13 01:16:50, 22.0, 89.5
2018-04-13 01:17:50, 22.0, 89.5
2018-04-13 01:18:51, 22.0, 89.5
2018-04-13 01:19:52, 22.0, 89.5
2018-04-13 01:20:52, 22.0, 89.5
2018-04-13 01:21:54, 22.0, 89.3
2018-04-13 01:22:55, 22.0, 89.3
2018-04-13 01:23:56, 22.0, 89.3
2018-04-13 01:24:56, 22.0, 89.3
2018-04-13 01:25:57, 22.0, 89.3
2018-04-13 01:26:59, 22.0, 89.3
2018-04-13 01:27:59, 22.0, 89.3
2018-04-13 01:29:00, 22.0, 89.3
2018-04-13 01:30:01, 22.0, 89.3
2018-04-13 01:31:03, 22.0, 89.4
2018-04-13 01:32:04, 22.0, 89.4
2018-04-13 01:33:05, 22.0, 89.4
2018-04-13 01:34:05, 22.0, 89.4
2018-04-13 01:35:07, 22.0, 89.4
2018-04-13 01:36:08, 22.0, 89.4
2018-04-13 01:37:09, 22.0, 89.4
2018-04-13 01:38:09, 22.0, 89.4
2018-04-13 01:39:11, 22.0, 89.4
2018-04-13 01:40:12, 22.0, 89.4
2018-04-13 01:41:13, 22.0, 89.4
2018-04-13 01:42:13, 22.0, 89.4
2018-04-13 01:43:15, 22.0, 89.3
2018-04-13 01:44:16, 22.0, 89.3
2018-04-13 01:45:17, 22.0, 89.3
2018-04-13 01:46:17, 22.0, 89.3
2018-04-13 01:47:19, 22.0, 89.3
2018-04-13 01:48:20, 22.0, 89.3
2018-04-13 01:49:20, 22.0, 89.3
2018-04-13 01:50:21, 22.0, 89.3
2018-04-13 01:51:23, 22.0, 89.3
2018-04-13 01:52:24, 22.0, 89.3
2018-04-13 01:53:24, 22.0, 89.3
2018-04-13 01:54:25, 22.0, 89.3
2018-04-13 01:55:27, 22.0, 89.4
2018-04-13 01:56:28, 22.0, 89.4
2018-04-13 01:57:29, 22.0, 89.4
2018-04-13 01:58:29, 22.0, 89.4
2018-04-13 01:59:31, 21.9, 89.4
2018-04-13 02:00:32, 21.9, 89.4
2018-04-13 02:01:33, 21.9, 89.4
2018-04-13 02:02:34, 21.9, 89.4
2018-04-13 02:03:36, 21.9, 89.4
2018-04-13 02:04:37, 21.9, 89.4
2018-04-13 02:05:38, 21.9, 89.4
2018-04-13 02:06:39, 21.9, 89.4
2018-04-13 02:07:40, 22.0, 89.6
2018-04-13 02:08:41, 22.0, 89.6
2018-04-13 02:09:42, 22.0, 89.6
2018-04-13 02:10:42, 22.0, 89.6
2018-04-13 02:11:44, 22.0, 89.5
2018-04-13 02:12:45, 22.0, 89.5
2018-04-13 02:13:46, 22.0, 89.5
2018-04-13 02:14:47, 22.0, 89.5
2018-04-13 02:15:47, 22.0, 89.5
2018-04-13 02:16:49, 22.0, 89.6
2018-04-13 02:17:50, 22.0, 89.6
2018-04-13 02:18:51, 22.0, 89.6
2018-04-13 02:19:52, 22.0, 89.6
2018-04-13 02:20:53, 22.0, 89.6
2018-04-13 02:21:54, 22.0, 89.7
2018-04-13 02:22:55, 22.0, 89.7
2018-04-13 02:23:56, 22.0, 89.7
2018-04-13 02:24:57, 22.0, 89.7
2018-04-13 02:25:57, 22.0, 89.7
2018-04-13 02:26:59, 22.0, 89.7
2018-04-13 02:28:00, 22.0, 89.7
2018-04-13 02:29:01, 22.0, 89.7
2018-04-13 02:30:02, 22.0, 89.7
2018-04-13 02:31:04, 22.0, 89.6
2018-04-13 02:32:05, 22.0, 89.6
2018-04-13 02:33:05, 22.0, 89.6
2018-04-13 02:34:06, 22.0, 89.6
2018-04-13 02:35:08, 22.0, 89.6
2018-04-13 02:36:09, 22.0, 89.6
2018-04-13 02:37:09, 22.0, 89.6
2018-04-13 02:38:10, 22.0, 89.6
2018-04-13 02:39:12, 22.0, 89.6
2018-04-13 02:40:12, 22.0, 89.6
2018-04-13 02:41:13, 22.0, 89.6
2018-04-13 02:42:14, 22.0, 89.6
2018-04-13 02:43:16, 22.0, 89.6
2018-04-13 02:44:17, 22.0, 89.6
2018-04-13 02:45:17, 22.0, 89.6
2018-04-13 02:46:18, 22.0, 89.6
2018-04-13 02:47:20, 22.0, 89.6
2018-04-13 02:48:20, 22.0, 89.6
2018-04-13 02:49:21, 22.0, 89.6
2018-04-13 02:50:22, 22.0, 89.6
2018-04-13 02:51:24, 22.0, 89.5
2018-04-13 02:52:25, 22.0, 89.5
2018-04-13 02:53:25, 22.0, 89.5
2018-04-13 02:54:26, 22.0, 89.5
2018-04-13 02:55:28, 21.9, 89.5
2018-04-13 02:56:29, 21.9, 89.5
2018-04-13 02:57:29, 21.9, 89.5
2018-04-13 02:58:30, 21.9, 89.5
2018-04-13 02:59:32, 21.9, 89.6
2018-04-13 03:00:32, 21.9, 89.6
2018-04-13 03:01:33, 21.9, 89.6
2018-04-13 03:02:34, 21.9, 89.6
2018-04-13 03:03:36, 22.0, 89.6
2018-04-13 03:04:36, 22.0, 89.6
2018-04-13 03:05:37, 22.0, 89.6
2018-04-13 03:06:38, 22.0, 89.6
2018-04-13 03:07:40, 21.9, 89.4
2018-04-13 03:08:41, 21.9, 89.4
2018-04-13 03:09:41, 21.9, 89.4
2018-04-13 03:10:42, 21.9, 89.4
2018-04-13 03:11:44, 21.8, 89.2
2018-04-13 03:12:45, 21.8, 89.2
2018-04-13 03:13:45, 21.8, 89.2
2018-04-13 03:14:46, 21.8, 89.2
2018-04-13 03:15:47, 21.8, 89.2
2018-04-13 03:16:49, 21.8, 89.2
2018-04-13 03:17:50, 21.8, 89.2
2018-04-13 03:18:50, 21.8, 89.2
2018-04-13 03:19:51, 21.8, 89.2
2018-04-13 03:20:52, 21.8, 89.2
2018-04-13 03:21:53, 21.8, 89.3
2018-04-13 03:22:54, 21.8, 89.3
2018-04-13 03:23:55, 21.8, 89.3
2018-04-13 03:24:55, 21.8, 89.3
2018-04-13 03:25:56, 21.8, 89.3
2018-04-13 03:26:58, 21.8, 89.2
2018-04-13 03:27:59, 21.8, 89.2
2018-04-13 03:28:59, 21.8, 89.2
2018-04-13 03:30:00, 21.8, 89.2
2018-04-13 03:31:02, 21.8, 89.3
2018-04-13 03:32:03, 21.8, 89.3
2018-04-13 03:33:04, 21.8, 89.3
2018-04-13 03:34:04, 21.8, 89.3
2018-04-13 03:35:06, 21.8, 89.3
2018-04-13 03:36:07, 21.8, 89.3
2018-04-13 03:37:08, 21.8, 89.3
2018-04-13 03:38:08, 21.8, 89.3
2018-04-13 03:39:10, 21.8, 89.3
2018-04-13 03:40:11, 21.8, 89.3
2018-04-13 03:41:12, 21.8, 89.3
2018-04-13 03:42:12, 21.8, 89.3
2018-04-13 03:43:15, 21.8, 89.3
2018-04-13 03:44:15, 21.8, 89.3
2018-04-13 03:45:16, 21.8, 89.3
2018-04-13 03:46:16, 21.8, 89.3
2018-04-13 03:47:18, 21.8, 89.3
2018-04-13 03:48:19, 21.8, 89.3
2018-04-13 03:49:20, 21.8, 89.3
2018-04-13 03:50:20, 21.8, 89.3
2018-04-13 03:51:22, 21.8, 89.3
2018-04-13 03:52:23, 21.8, 89.3
2018-04-13 03:53:24, 21.8, 89.3
2018-04-13 03:54:24, 21.8, 89.3
2018-04-13 03:55:26, 21.9, 89.4
2018-04-13 03:56:27, 21.9, 89.4
2018-04-13 03:57:28, 21.9, 89.4
2018-04-13 03:58:28, 21.9, 89.4
2018-04-13 03:59:30, 21.9, 89.4
2018-04-13 04:00:31, 21.9, 89.4
2018-04-13 04:01:32, 21.9, 89.4
2018-04-13 04:02:32, 21.9, 89.4
2018-04-13 04:03:34, 21.9, 89.3
2018-04-13 04:04:35, 21.9, 89.3
2018-04-13 04:05:36, 21.9, 89.3
2018-04-13 04:06:36, 21.9, 89.3
2018-04-13 04:07:38, 21.9, 89.3
2018-04-13 04:08:39, 21.9, 89.3
2018-04-13 04:09:40, 21.9, 89.3
2018-04-13 04:10:40, 21.9, 89.3
2018-04-13 04:11:42, 21.9, 89.1
2018-04-13 04:12:43, 21.9, 89.1
2018-04-13 04:13:44, 21.9, 89.1
2018-04-13 04:14:44, 21.9, 89.1
2018-04-13 04:15:46, 21.8, 89.1
2018-04-13 04:16:47, 21.8, 89.1
2018-04-13 04:17:47, 21.8, 89.1
2018-04-13 04:18:48, 21.8, 89.1
2018-04-13 04:19:49, 21.8, 89.1
2018-04-13 04:20:51, 21.9, 89.1
2018-04-13 04:21:52, 21.9, 89.1
2018-04-13 04:22:52, 21.9, 89.1
2018-04-13 04:23:53, 21.9, 89.1
2018-04-13 04:24:54, 21.9, 89.1
2018-04-13 04:25:56, 21.9, 89.0
2018-04-13 04:26:57, 21.9, 89.0
2018-04-13 04:27:57, 21.9, 89.0
2018-04-13 04:28:58, 21.9, 89.0
2018-04-13 04:29:58, 21.9, 89.0
2018-04-13 04:31:00, 21.9, 88.9
2018-04-13 04:32:01, 21.9, 88.9
2018-04-13 04:33:02, 21.9, 88.9
2018-04-13 04:34:03, 21.9, 88.9
2018-04-13 04:35:05, 21.9, 88.9
2018-04-13 04:36:05, 21.9, 88.9
2018-04-13 04:37:06, 21.9, 88.9
2018-04-13 04:38:07, 21.9, 88.9
2018-04-13 04:39:09, 21.9, 88.6
2018-04-13 04:40:10, 21.9, 88.6
2018-04-13 04:41:10, 21.9, 88.6
2018-04-13 04:42:11, 21.9, 88.6
2018-04-13 04:43:13, 21.9, 88.5
2018-04-13 04:44:14, 21.9, 88.5
2018-04-13 04:45:14, 21.9, 88.5
2018-04-13 04:46:15, 21.9, 88.5
2018-04-13 04:47:17, 21.9, 88.6
2018-04-13 04:48:17, 21.9, 88.6
2018-04-13 04:49:18, 21.9, 88.6
2018-04-13 04:50:19, 21.9, 88.6
2018-04-13 04:51:21, 21.9, 88.6
2018-04-13 04:52:22, 21.9, 88.6
2018-04-13 04:53:22, 21.9, 88.6
2018-04-13 04:54:23, 21.9, 88.6
2018-04-13 04:55:25, 21.9, 88.6
2018-04-13 04:56:25, 21.9, 88.6
2018-04-13 04:57:26, 21.9, 88.6
2018-04-13 04:58:27, 21.9, 88.6
2018-04-13 04:59:29, 21.9, 88.7
2018-04-13 05:00:29, 21.9, 88.7
2018-04-13 05:01:30, 21.9, 88.7
2018-04-13 05:02:30, 21.9, 88.7
2018-04-13 05:03:32, 21.9, 88.7
2018-04-13 05:04:33, 21.9, 88.7
2018-04-13 05:05:34, 21.9, 88.7
2018-04-13 05:06:35, 21.9, 88.7
2018-04-13 05:07:37, 22.0, 88.9
2018-04-13 05:08:38, 22.0, 88.9
2018-04-13 05:09:39, 22.0, 88.9
2018-04-13 05:10:40, 22.0, 88.9
2018-04-13 05:11:41, 22.0, 88.8
2018-04-13 05:12:42, 22.0, 88.8
2018-04-13 05:13:43, 22.0, 88.8
2018-04-13 05:14:44, 22.0, 88.8
2018-04-13 05:15:46, 22.0, 88.9
2018-04-13 05:16:46, 22.0, 88.9
2018-04-13 05:17:47, 22.0, 88.9
2018-04-13 05:18:48, 22.0, 88.9
2018-04-13 05:19:49, 22.0, 88.9
2018-04-13 05:20:51, 22.0, 89.0
2018-04-13 05:21:52, 22.0, 89.0
2018-04-13 05:22:53, 22.0, 89.0
2018-04-13 05:23:53, 22.0, 89.0
2018-04-13 05:24:54, 22.0, 89.0
2018-04-13 05:25:56, 22.0, 89.1
2018-04-13 05:26:56, 22.0, 89.1
2018-04-13 05:27:57, 22.0, 89.1
2018-04-13 05:28:58, 22.0, 89.1
2018-04-13 05:29:58, 22.0, 89.1
2018-04-13 05:31:00, 22.0, 89.1
2018-04-13 05:32:01, 22.0, 89.1
2018-04-13 05:33:02, 22.0, 89.1
2018-04-13 05:34:02, 22.0, 89.1
2018-04-13 05:35:04, 22.0, 89.1
2018-04-13 05:36:05, 22.0, 89.1
2018-04-13 05:37:06, 22.0, 89.1
2018-04-13 05:38:07, 22.0, 89.1
2018-04-13 05:39:09, 22.0, 89.2
2018-04-13 05:40:09, 22.0, 89.2
2018-04-13 05:41:10, 22.0, 89.2
2018-04-13 05:42:11, 22.0, 89.2
2018-04-13 05:43:13, 22.0, 89.1
2018-04-13 05:44:13, 22.0, 89.1
2018-04-13 05:45:14, 22.0, 89.1
2018-04-13 05:46:15, 22.0, 89.1
2018-04-13 05:47:17, 22.0, 89.0
2018-04-13 05:48:17, 22.0, 89.0
2018-04-13 05:49:18, 22.0, 89.0
2018-04-13 05:50:19, 22.0, 89.0
2018-04-13 05:51:20, 21.9, 89.2
2018-04-13 05:52:21, 21.9, 89.2
2018-04-13 05:53:22, 21.9, 89.2
2018-04-13 05:54:23, 21.9, 89.2
2018-04-13 05:55:25, 21.9, 89.2
2018-04-13 05:56:25, 21.9, 89.2
2018-04-13 05:57:26, 21.9, 89.2
2018-04-13 05:58:27, 21.9, 89.2
2018-04-13 05:59:29, 21.9, 89.2
2018-04-13 06:00:29, 21.9, 89.2
2018-04-13 06:01:30, 21.9, 89.2
2018-04-13 06:02:30, 21.9, 89.2
2018-04-13 06:03:33, 21.9, 89.2
2018-04-13 06:04:33, 21.9, 89.2
2018-04-13 06:05:34, 21.9, 89.2
2018-04-13 06:06:35, 21.9, 89.2
2018-04-13 06:07:37, 21.9, 89.4
2018-04-13 06:08:38, 21.9, 89.4
2018-04-13 06:09:38, 21.9, 89.4
2018-04-13 06:10:39, 21.9, 89.4
2018-04-13 06:11:41, 22.0, 89.4
2018-04-13 06:12:42, 22.0, 89.4
2018-04-13 06:13:42, 22.0, 89.4
2018-04-13 06:14:43, 22.0, 89.4
2018-04-13 06:15:45, 22.1, 89.5
2018-04-13 06:16:45, 22.1, 89.5
2018-04-13 06:17:46, 22.1, 89.5
2018-04-13 06:18:47, 22.1, 89.5
2018-04-13 06:19:47, 22.1, 89.5
2018-04-13 06:20:50, 22.1, 89.4
2018-04-13 06:21:50, 22.1, 89.4
2018-04-13 06:22:51, 22.1, 89.4
2018-04-13 06:23:52, 22.1, 89.4
2018-04-13 06:24:52, 22.1, 89.4
2018-04-13 06:25:54, 22.2, 89.3
2018-04-13 06:26:55, 22.2, 89.3
2018-04-13 06:27:56, 22.2, 89.3
2018-04-13 06:28:56, 22.2, 89.3
2018-04-13 06:29:57, 22.2, 89.3
2018-04-13 06:30:59, 22.2, 89.2
2018-04-13 06:32:00, 22.2, 89.2
2018-04-13 06:33:00, 22.2, 89.2
2018-04-13 06:34:01, 22.2, 89.2
2018-04-13 06:35:03, 22.2, 89.1
2018-04-13 06:36:04, 22.2, 89.1
2018-04-13 06:37:04, 22.2, 89.1
2018-04-13 06:38:05, 22.2, 89.1
2018-04-13 06:39:07, 22.2, 89.0
2018-04-13 06:40:08, 22.2, 89.0
2018-04-13 06:41:08, 22.2, 89.0
2018-04-13 06:42:09, 22.2, 89.0
2018-04-13 06:43:11, 22.2, 88.9
2018-04-13 06:44:12, 22.2, 88.9
2018-04-13 06:45:12, 22.2, 88.9
2018-04-13 06:46:13, 22.2, 88.9
2018-04-13 06:47:15, 22.3, 89.1
2018-04-13 06:48:15, 22.3, 89.1
2018-04-13 06:49:16, 22.3, 89.1
2018-04-13 06:50:17, 22.3, 89.1
2018-04-13 06:51:19, 22.3, 88.8
2018-04-13 06:52:19, 22.3, 88.8
2018-04-13 06:53:20, 22.3, 88.8
2018-04-13 06:54:21, 22.3, 88.8
2018-04-13 06:55:23, 22.3, 88.8
2018-04-13 06:56:23, 22.3, 88.8
2018-04-13 06:57:24, 22.3, 88.8
2018-04-13 06:58:25, 22.3, 88.8
2018-04-13 06:59:27, 22.4, 88.9
2018-04-13 07:00:27, 22.4, 88.9
2018-04-13 07:01:28, 22.4, 88.9
2018-04-13 07:02:29, 22.4, 88.9
2018-04-13 07:03:30, 22.5, 88.9
2018-04-13 07:04:31, 22.5, 88.9
2018-04-13 07:05:32, 22.5, 88.9
2018-04-13 07:06:32, 22.5, 88.9
2018-04-13 07:07:34, 22.6, 89.0
2018-04-13 07:08:35, 22.6, 89.0
2018-04-13 07:09:36, 22.6, 89.0
2018-04-13 07:10:37, 22.6, 89.0
2018-04-13 07:11:39, 22.7, 89.0
2018-04-13 07:12:39, 22.7, 89.0
2018-04-13 07:13:40, 22.7, 89.0
2018-04-13 07:14:41, 22.7, 89.0
2018-04-13 07:15:43, 22.7, 88.8
2018-04-13 07:16:44, 22.7, 88.8
2018-04-13 07:17:44, 22.7, 88.8
2018-04-13 07:18:45, 22.7, 88.8
2018-04-13 07:19:47, 22.5, 88.0
2018-04-13 07:20:47, 22.5, 88.0
2018-04-13 07:21:48, 22.5, 88.0
2018-04-13 07:22:49, 22.5, 88.0
2018-04-13 07:23:50, 22.5, 88.0
2018-04-13 07:24:52, 22.6, 88.0
2018-04-13 07:25:53, 22.6, 88.0
2018-04-13 07:26:53, 22.6, 88.0
2018-04-13 07:27:54, 22.6, 88.0
2018-04-13 07:28:55, 22.6, 88.0
2018-04-13 07:29:56, 22.8, 87.7
2018-04-13 07:30:57, 22.8, 87.7
2018-04-13 07:31:58, 22.8, 87.7
2018-04-13 07:32:58, 22.8, 87.7
2018-04-13 07:33:59, 22.8, 87.7
2018-04-13 07:35:01, 23.0, 86.7
2018-04-13 07:36:02, 23.0, 86.7
2018-04-13 07:37:03, 23.0, 86.7
2018-04-13 07:38:03, 23.0, 86.7
2018-04-13 07:39:05, 23.1, 85.3
2018-04-13 07:40:06, 23.1, 85.3
2018-04-13 07:41:06, 23.1, 85.3
2018-04-13 07:42:07, 23.1, 85.3
2018-04-13 07:43:09, 23.3, 85.0
2018-04-13 07:44:10, 23.3, 85.0
2018-04-13 07:45:10, 23.3, 85.0
2018-04-13 07:46:11, 23.3, 85.0
2018-04-13 07:47:13, 23.3, 84.5
2018-04-13 07:48:14, 23.3, 84.5
2018-04-13 07:49:14, 23.3, 84.5
2018-04-13 07:50:15, 23.3, 84.5
2018-04-13 07:51:17, 23.3, 82.7
2018-04-13 07:52:17, 23.3, 82.7
2018-04-13 07:53:18, 23.3, 82.7
2018-04-13 07:54:19, 23.3, 82.7
2018-04-13 07:55:21, 23.6, 83.3
2018-04-13 07:56:21, 23.6, 83.3
2018-04-13 07:57:22, 23.6, 83.3
2018-04-13 07:58:22, 23.6, 83.3
2018-04-13 07:59:24, 23.8, 82.0
2018-04-13 08:00:25, 23.8, 82.0
2018-04-13 08:01:26, 23.8, 82.0
2018-04-13 08:02:26, 23.8, 82.0
2018-04-13 08:03:28, 24.1, 82.5
2018-04-13 08:04:29, 24.1, 82.5
2018-04-13 08:05:30, 24.1, 82.5
2018-04-13 08:06:30, 24.1, 82.5
2018-04-13 08:07:32, 24.1, 78.8
2018-04-13 08:08:33, 24.1, 78.8
2018-04-13 08:09:34, 24.1, 78.8
2018-04-13 08:10:35, 24.1, 78.8
2018-04-13 08:11:37, 24.4, 79.4
2018-04-13 08:12:37, 24.4, 79.4
2018-04-13 08:13:38, 24.4, 79.4
2018-04-13 08:14:38, 24.4, 79.4
2018-04-13 08:15:40, 24.6, 75.7
2018-04-13 08:16:41, 24.6, 75.7
2018-04-13 08:17:42, 24.6, 75.7
2018-04-13 08:18:42, 24.6, 75.7
2018-04-13 08:19:44, 25.2, 73.8
2018-04-13 08:20:45, 25.2, 73.8
2018-04-13 08:21:45, 25.2, 73.8
2018-04-13 08:22:47, 25.2, 73.8
2018-04-13 08:23:47, 25.2, 73.8
2018-04-13 08:24:49, 25.6, 71.9
2018-04-13 08:25:50, 25.6, 71.9
2018-04-13 08:26:50, 25.6, 71.9
2018-04-13 08:27:51, 25.6, 71.9
2018-04-13 08:28:52, 25.6, 71.9
2018-04-13 08:29:54, 26.2, 69.6
2018-04-13 08:30:54, 26.2, 69.6
2018-04-13 08:31:55, 26.2, 69.6
2018-04-13 08:32:55, 26.2, 69.6
2018-04-13 08:33:56, 26.2, 69.6
2018-04-13 08:34:58, 26.6, 68.2
2018-04-13 08:35:59, 26.6, 68.2
2018-04-13 08:36:59, 26.6, 68.2
2018-04-13 08:38:00, 26.6, 68.2
2018-04-13 08:39:02, 26.4, 69.2
2018-04-13 08:40:02, 26.4, 69.2
2018-04-13 08:41:04, 26.4, 69.2
2018-04-13 08:42:04, 26.4, 69.2
2018-04-13 08:43:06, 26.6, 69.1
2018-04-13 08:44:07, 26.6, 69.1
2018-04-13 08:45:07, 26.6, 69.1
2018-04-13 08:46:08, 26.6, 69.1
2018-04-13 08:47:10, 26.8, 68.8
2018-04-13 08:48:10, 26.8, 68.8
2018-04-13 08:49:11, 26.8, 68.8
2018-04-13 08:50:12, 26.8, 68.8
2018-04-13 08:51:14, 26.9, 68.0
2018-04-13 08:52:14, 26.9, 68.0
2018-04-13 08:53:15, 26.9, 68.0
2018-04-13 08:54:16, 26.9, 68.0
2018-04-13 08:55:17, 27.1, 66.6
2018-04-13 08:56:18, 27.1, 66.6
2018-04-13 08:57:19, 27.1, 66.6
2018-04-13 08:58:19, 27.1, 66.6
2018-04-13 08:59:21, 27.2, 67.9
2018-04-13 09:00:22, 27.2, 67.9
2018-04-13 09:01:23, 27.2, 67.9
2018-04-13 09:02:23, 27.2, 67.9
2018-04-13 09:03:25, 27.5, 67.7
2018-04-13 09:04:26, 27.5, 67.7
2018-04-13 09:05:27, 27.5, 67.7
2018-04-13 09:06:27, 27.5, 67.7
2018-04-13 09:07:29, 27.6, 68.7
2018-04-13 09:08:30, 27.6, 68.7
2018-04-13 09:09:31, 27.6, 68.7
2018-04-13 09:10:31, 27.6, 68.7
2018-04-13 09:11:34, 27.4, 67.6
2018-04-13 09:12:34, 27.4, 67.6
2018-04-13 09:13:35, 27.4, 67.6
2018-04-13 09:14:36, 27.4, 67.6
2018-04-13 09:15:38, 27.7, 65.7
2018-04-13 09:16:38, 27.7, 65.7
2018-04-13 09:17:39, 27.7, 65.7
2018-04-13 09:18:40, 27.7, 65.7
2018-04-13 09:19:40, 28.0, 63.1
2018-04-13 09:20:41, 28.0, 63.1
2018-04-13 09:21:42, 28.0, 63.1
2018-04-13 09:22:43, 28.0, 63.1
2018-04-13 09:23:45, 28.5, 65.6
2018-04-13 09:24:46, 28.5, 65.6
2018-04-13 09:25:46, 28.5, 65.6
2018-04-13 09:26:47, 28.5, 65.6
2018-04-13 09:27:48, 28.5, 65.6
2018-04-13 09:28:48, 28.4, 62.5
2018-04-13 09:29:49, 28.4, 62.5
2018-04-13 09:30:49, 28.4, 62.5
2018-04-13 09:31:50, 28.4, 62.5
2018-04-13 09:32:52, 28.5, 62.9
2018-04-13 09:33:53, 28.5, 62.9
2018-04-13 09:34:53, 28.5, 62.9
2018-04-13 09:35:54, 28.5, 62.9
2018-04-13 09:36:55, 28.5, 62.9
2018-04-13 09:37:57, 28.4, 63.9
2018-04-13 09:38:57, 28.4, 63.9
2018-04-13 09:39:58, 28.4, 63.9
2018-04-13 09:40:58, 28.4, 63.9
2018-04-13 09:41:59, 28.4, 63.9
2018-04-13 09:43:01, 28.9, 63.4
2018-04-13 09:44:02, 28.9, 63.4
2018-04-13 09:45:03, 28.9, 63.4
2018-04-13 09:46:03, 28.9, 63.4
2018-04-13 09:47:06, 29.0, 61.8
2018-04-13 09:48:06, 29.0, 61.8
2018-04-13 09:49:07, 29.0, 61.8
2018-04-13 09:50:07, 29.0, 61.8
2018-04-13 09:51:09, 29.3, 61.0
2018-04-13 09:52:10, 29.3, 61.0
2018-04-13 09:53:11, 29.3, 61.0
2018-04-13 09:54:11, 29.3, 61.0
2018-04-13 09:55:13, 29.3, 58.9
2018-04-13 09:56:14, 29.3, 58.9
2018-04-13 09:57:15, 29.3, 58.9
2018-04-13 09:58:16, 29.3, 58.9
2018-04-13 09:59:18, 29.5, 60.0
2018-04-13 10:00:18, 29.5, 60.0
2018-04-13 10:01:19, 29.5, 60.0
2018-04-13 10:02:20, 29.5, 60.0
2018-04-13 10:03:21, 29.6, 62.0
2018-04-13 10:04:22, 29.6, 62.0
2018-04-13 10:05:23, 29.6, 62.0
2018-04-13 10:06:23, 29.6, 62.0
2018-04-13 10:07:26, 29.8, 60.2
2018-04-13 10:08:26, 29.8, 60.2
2018-04-13 10:09:27, 29.8, 60.2
2018-04-13 10:10:28, 29.8, 60.2
2018-04-13 10:11:29, 29.9, 58.7
2018-04-13 10:12:30, 29.9, 58.7
2018-04-13 10:13:31, 29.9, 58.7
2018-04-13 10:14:31, 29.9, 58.7
2018-04-13 10:15:33, 29.3, 58.9
2018-04-13 10:16:34, 29.3, 58.9
2018-04-13 10:17:35, 29.3, 58.9
2018-04-13 10:18:35, 29.3, 58.9
2018-04-13 10:19:37, 29.4, 58.2
2018-04-13 10:20:38, 29.4, 58.2
2018-04-13 10:21:39, 29.4, 58.2
2018-04-13 10:22:39, 29.4, 58.2
2018-04-13 10:23:42, 29.8, 56.3
2018-04-13 10:24:42, 29.8, 56.3
2018-04-13 10:25:43, 29.8, 56.3
2018-04-13 10:26:44, 29.8, 56.3
2018-04-13 10:27:46, 29.8, 56.6
2018-04-13 10:28:47, 29.8, 56.6
2018-04-13 10:29:47, 29.8, 56.6
2018-04-13 10:30:48, 29.8, 56.6
2018-04-13 10:31:48, 29.8, 56.6
2018-04-13 10:32:51, 29.8, 55.6
2018-04-13 10:33:51, 29.8, 55.6
2018-04-13 10:34:52, 29.8, 55.6
2018-04-13 10:35:53, 29.8, 55.6
2018-04-13 10:36:53, 29.8, 55.6
2018-04-13 10:37:55, 29.9, 56.6
2018-04-13 10:38:56, 29.9, 56.6
2018-04-13 10:39:56, 29.9, 56.6
2018-04-13 10:40:57, 29.9, 56.6
2018-04-13 10:41:58, 29.9, 56.6
2018-04-13 10:43:00, 30.1, 55.2
2018-04-13 10:44:01, 30.1, 55.2
2018-04-13 10:45:01, 30.1, 55.2
2018-04-13 10:46:02, 30.1, 55.2
2018-04-13 10:47:04, 30.1, 53.9
2018-04-13 10:48:05, 30.1, 53.9
2018-04-13 10:49:06, 30.1, 53.9
2018-04-13 10:50:06, 30.1, 53.9
2018-04-13 10:51:08, 30.3, 54.6
2018-04-13 10:52:09, 30.3, 54.6
2018-04-13 10:53:10, 30.3, 54.6
2018-04-13 10:54:10, 30.3, 54.6
2018-04-13 10:55:13, 30.3, 54.4
2018-04-13 10:56:14, 30.3, 54.4
2018-04-13 10:57:15, 30.3, 54.4
2018-04-13 10:58:16, 30.3, 54.4
2018-04-13 10:59:18, 30.4, 52.9
2018-04-13 11:00:19, 30.4, 52.9
2018-04-13 11:01:19, 30.4, 52.9
2018-04-13 11:02:20, 30.4, 52.9
2018-04-13 11:03:22, 30.5, 51.7
2018-04-13 11:04:23, 30.5, 51.7
2018-04-13 11:05:24, 30.5, 51.7
2018-04-13 11:06:24, 30.5, 51.7
2018-04-13 11:07:26, 30.7, 51.1
2018-04-13 11:08:27, 30.7, 51.1
2018-04-13 11:09:28, 30.7, 51.1
2018-04-13 11:10:28, 30.7, 51.1
2018-04-13 11:11:30, 30.6, 52.8
2018-04-13 11:12:31, 30.6, 52.8
2018-04-13 11:13:32, 30.6, 52.8
2018-04-13 11:14:32, 30.6, 52.8
2018-04-13 11:15:34, 30.8, 52.9
2018-04-13 11:16:35, 30.8, 52.9
2018-04-13 11:17:36, 30.8, 52.9
2018-04-13 11:18:36, 30.8, 52.9
2018-04-13 11:19:37, 31.0, 51.0
2018-04-13 11:20:38, 31.0, 51.0
2018-04-13 11:21:39, 31.0, 51.0
2018-04-13 11:22:40, 31.0, 51.0
2018-04-13 11:23:42, 30.9, 52.9
2018-04-13 11:24:43, 30.9, 52.9
2018-04-13 11:25:44, 30.9, 52.9
2018-04-13 11:26:44, 30.9, 52.9
2018-04-13 11:27:47, 31.2, 53.9
2018-04-13 11:28:47, 31.2, 53.9
2018-04-13 11:29:48, 31.2, 53.9
2018-04-13 11:30:49, 31.2, 53.9
2018-04-13 11:31:49, 31.2, 53.9
2018-04-13 11:32:51, 31.5, 52.2
2018-04-13 11:33:52, 31.5, 52.2
2018-04-13 11:34:53, 31.5, 52.2
2018-04-13 11:35:53, 31.5, 52.2
2018-04-13 11:36:54, 31.5, 52.2
2018-04-13 11:37:56, 31.6, 48.7
2018-04-13 11:38:57, 31.6, 48.7
2018-04-13 11:39:58, 31.6, 48.7
2018-04-13 11:40:58, 31.6, 48.7
2018-04-13 11:41:59, 31.6, 48.7
2018-04-13 11:43:01, 31.3, 48.8
2018-04-13 11:44:02, 31.3, 48.8
2018-04-13 11:45:02, 31.3, 48.8
2018-04-13 11:46:03, 31.3, 48.8
2018-04-13 11:48:35, 31.3, 49.3
2018-04-13 11:49:36, 31.3, 49.3
2018-04-13 11:50:38, 31.3, 49.3
2018-04-13 11:51:39, 31.3, 49.3
2018-04-13 11:52:41, 31.3, 49.3
2018-04-13 11:53:43, 31.3, 49.3
2018-04-13 11:54:45, 31.6, 48.9
2018-04-13 11:55:46, 31.6, 48.9
2018-04-13 11:56:47, 31.6, 48.9
2018-04-13 11:57:47, 31.6, 48.9
2018-04-13 11:58:48, 31.6, 48.9
2018-04-13 11:59:50, 31.8, 46.6
2018-04-13 12:00:50, 31.8, 46.6
2018-04-13 12:01:51, 31.8, 46.6
2018-04-13 12:02:52, 31.8, 46.6
2018-04-13 12:03:53, 31.8, 46.6
2018-04-13 12:04:55, 31.8, 52.9
2018-04-13 12:05:57, 31.8, 48.4
2018-04-13 12:06:57, 31.8, 48.4
2018-04-13 12:07:58, 31.8, 48.4
2018-04-13 12:08:59, 31.8, 48.4
2018-04-13 12:09:59, 31.8, 48.4
2018-04-13 12:11:01, 31.9, 46.3
2018-04-13 12:12:04, 31.9, 46.3
2018-04-13 12:13:06, 31.9, 46.3
2018-04-13 12:14:08, 32.2, 44.9
2018-04-13 12:15:08, 32.2, 44.9
2018-04-13 12:16:09, 32.2, 44.9
2018-04-13 12:17:10, 32.2, 44.9
2018-04-13 12:18:12, 32.2, 46.8
2018-04-13 12:19:12, 32.2, 46.8
2018-04-13 12:20:13, 32.2, 46.8
2018-04-13 12:21:15, 32.2, 46.8
2018-04-13 12:22:17, 32.4, 44.9
2018-04-13 12:23:18, 32.4, 44.9
2018-04-13 12:24:19, 32.4, 44.9
2018-04-13 12:25:19, 32.4, 44.9
2018-04-13 12:26:22, 32.3, 43.9
2018-04-13 12:27:22, 32.3, 43.9
2018-04-13 12:28:23, 32.3, 43.9
2018-04-13 12:29:24, 32.3, 43.9
2018-04-13 12:30:26, 32.1, 44.8
2018-04-13 12:31:27, 32.1, 44.8
2018-04-13 12:32:29, 32.1, 44.8
2018-04-13 12:33:31, 32.1, 44.8
2018-04-13 12:34:33, 32.1, 44.8
2018-04-13 12:35:35, 32.1, 44.8
2018-04-13 12:36:37, 32.1, 44.8
2018-04-13 12:37:39, 32.1, 44.8
2018-04-13 12:38:41, 32.1, 44.8
2018-04-13 12:39:43, 32.1, 44.8
2018-04-13 12:40:45, 32.1, 44.8
2018-04-13 12:41:47, 32.1, 44.8
2018-04-13 12:42:49, 32.1, 44.8
2018-04-13 12:43:51, 32.1, 44.8
2018-04-13 12:44:53, 32.1, 44.8
2018-04-13 12:45:56, 32.1, 44.8
2018-04-13 12:46:58, 32.1, 44.8
2018-04-13 12:48:00, 32.1, 44.8
2018-04-13 12:49:02, 32.1, 44.8
2018-04-13 12:50:04, 32.1, 44.8
2018-04-13 12:51:06, 32.1, 44.8
2018-04-13 12:52:09, 32.1, 44.8
2018-04-13 12:53:11, 32.1, 44.8
2018-04-13 12:54:13, 32.1, 44.8
2018-04-13 12:55:15, 32.1, 44.8
2018-04-13 12:56:17, 32.1, 44.8
2018-04-13 12:57:19, 31.0, 55.3
2018-04-13 12:58:19, 31.0, 55.3
2018-04-13 12:59:20, 31.0, 55.3
2018-04-13 13:00:21, 31.0, 55.3
2018-04-13 13:01:23, 30.9, 55.1
2018-04-13 13:02:24, 30.9, 55.1
2018-04-13 13:03:24, 30.9, 55.1
2018-04-13 13:04:26, 30.9, 55.1
2018-04-13 13:05:28, 30.6, 56.7
2018-04-13 13:06:29, 30.6, 56.7
2018-04-13 13:07:30, 30.6, 56.7
2018-04-13 13:08:30, 30.6, 56.7
2018-04-13 13:09:32, 30.6, 56.7
2018-04-13 13:10:34, 30.6, 56.7
2018-04-13 13:11:36, 30.6, 56.7
2018-04-13 13:12:39, 30.6, 56.7
2018-04-13 13:13:41, 30.7, 59.0
2018-04-13 13:14:41, 30.7, 59.0
2018-04-13 13:15:42, 30.7, 59.0
2018-04-13 13:16:44, 30.7, 59.0
2018-04-13 13:17:46, 30.7, 59.0
2018-04-13 13:18:48, 31.1, 56.4
2018-04-13 13:19:49, 31.1, 56.4
2018-04-13 13:20:50, 31.1, 56.4
2018-04-13 13:21:50, 31.1, 56.4
2018-04-13 13:22:51, 31.1, 56.4
2018-04-13 13:23:57, 30.9, 57.5
2018-04-13 13:24:59, 30.9, 57.5
2018-04-13 13:25:59, 30.9, 57.5
2018-04-13 13:27:02, 30.9, 57.5
2018-04-13 13:28:05, 30.9, 57.5
2018-04-13 13:29:07, 30.9, 57.5
2018-04-13 13:30:09, 30.9, 57.5
2018-04-13 13:31:11, 30.9, 57.5
2018-04-13 13:32:14, 30.9, 57.5
2018-04-13 13:33:16, 30.9, 57.5
2018-04-13 13:34:18, 30.9, 57.5
2018-04-13 13:35:20, 30.9, 57.5
2018-04-13 13:36:22, 30.9, 57.5
2018-04-13 13:37:24, 30.7, 58.2
2018-04-13 13:38:25, 30.7, 58.2
2018-04-13 13:39:25, 30.7, 58.2
2018-04-13 13:40:26, 30.7, 58.2
2018-04-13 13:41:28, 30.6, 59.1
2018-04-13 13:42:28, 30.6, 59.1
2018-04-13 13:43:29, 30.6, 59.1
2018-04-13 13:44:31, 30.6, 59.1
2018-04-13 13:45:33, 30.6, 59.1
2018-04-13 13:46:35, 30.6, 59.1
2018-04-13 13:49:08, 30.6, 59.1
2018-04-13 13:50:10, 30.2, 59.2
2018-04-13 13:51:11, 30.2, 59.2
2018-04-13 13:52:11, 30.2, 59.2
2018-04-13 13:53:12, 30.2, 59.2
2018-04-13 13:54:14, 30.3, 57.6
2018-04-13 13:55:15, 30.3, 57.6
2018-04-13 13:56:16, 30.3, 57.6
2018-04-13 13:57:16, 30.3, 57.6
2018-04-13 13:58:18, 30.6, 56.8
2018-04-13 13:59:19, 30.6, 56.8
2018-04-13 14:00:20, 30.6, 56.8
2018-04-13 14:01:21, 30.6, 56.8
2018-04-13 14:02:38, 30.7, 57.4
2018-04-13 14:03:38, 30.7, 57.4
2018-04-13 14:04:39, 30.7, 57.4
2018-04-13 14:05:41, 30.6, 57.5
2018-04-13 14:06:41, 30.6, 57.5
2018-04-13 14:07:42, 30.6, 57.5
2018-04-13 14:08:43, 30.6, 57.5
2018-04-13 14:09:45, 30.4, 57.4
2018-04-13 14:10:45, 30.4, 57.4
2018-04-13 14:11:46, 30.4, 57.4
2018-04-13 14:12:47, 30.4, 57.4
2018-04-13 14:13:48, 30.4, 57.4
2018-04-13 14:14:50, 30.2, 59.6
2018-04-13 14:15:50, 30.2, 59.6
2018-04-13 14:16:51, 30.2, 59.6
2018-04-13 14:17:52, 30.2, 59.6
2018-04-13 14:18:52, 30.2, 59.6
2018-04-13 14:19:54, 30.0, 60.7
2018-04-13 14:20:55, 30.0, 60.7
2018-04-13 14:21:55, 30.0, 60.7
2018-04-13 14:22:56, 30.0, 60.7
2018-04-13 14:23:57, 30.0, 60.7
2018-04-13 14:24:59, 29.9, 60.3
2018-04-13 14:26:00, 29.9, 60.3
2018-04-13 14:27:00, 29.9, 60.3
2018-04-13 14:28:01, 29.9, 60.3
2018-04-13 14:29:03, 29.7, 61.3
2018-04-13 14:30:04, 29.7, 61.3
2018-04-13 14:31:05, 29.7, 61.3
2018-04-13 14:32:05, 29.7, 61.3
2018-04-13 14:33:07, 29.8, 62.0
2018-04-13 14:34:08, 29.8, 62.0
2018-04-13 14:35:24, 29.8, 62.0
2018-04-13 14:36:25, 29.8, 62.0
2018-04-13 14:37:27, 29.6, 61.2
2018-04-13 14:38:27, 29.6, 61.2
2018-04-13 14:39:28, 29.6, 61.2
2018-04-13 14:40:29, 29.6, 61.2
2018-04-13 14:41:31, 29.4, 62.0
2018-04-13 14:42:32, 29.4, 62.0
2018-04-13 14:43:32, 29.4, 62.0
2018-04-13 14:44:33, 29.4, 62.0
2018-04-13 14:45:35, 29.3, 62.6
2018-04-13 14:46:36, 29.3, 62.6
2018-04-13 14:47:36, 29.3, 62.6
2018-04-13 14:48:37, 29.3, 62.6
2018-04-13 14:49:39, 29.3, 62.7
2018-04-13 14:50:40, 29.3, 62.7
2018-04-13 14:51:40, 29.3, 62.7
2018-04-13 14:52:41, 29.3, 62.7
2018-04-13 14:53:43, 29.2, 62.6
2018-04-13 14:54:44, 29.2, 62.6
2018-04-13 14:55:44, 29.2, 62.6
2018-04-13 14:56:45, 29.2, 62.6
2018-04-13 14:57:47, 29.2, 62.6
2018-04-13 14:58:48, 29.2, 62.6
2018-04-13 14:59:48, 29.2, 62.6
2018-04-13 15:00:50, 29.2, 62.6
2018-04-13 15:01:50, 29.2, 62.6
2018-04-13 15:02:52, 29.3, 62.1
2018-04-13 15:03:53, 29.3, 62.1
2018-04-13 15:04:54, 29.3, 62.1
2018-04-13 15:05:55, 29.3, 62.1
2018-04-13 15:06:59, 29.3, 62.1
2018-04-13 15:08:01, 29.2, 62.5
2018-04-13 15:09:03, 29.2, 62.5
2018-04-13 15:10:04, 29.2, 62.5
2018-04-13 15:11:05, 29.2, 62.5
2018-04-13 15:12:07, 29.1, 62.8
2018-04-13 15:13:08, 29.1, 62.8
2018-04-13 15:14:08, 29.1, 62.8
2018-04-13 15:15:09, 29.1, 62.8
2018-04-13 15:16:11, 29.1, 62.3
2018-04-13 15:17:12, 29.1, 62.3
2018-04-13 15:18:13, 29.1, 62.3
2018-04-13 15:19:13, 29.1, 62.3
2018-04-13 15:20:15, 29.1, 63.7
2018-04-13 15:21:16, 29.1, 63.7
2018-04-13 15:22:16, 29.1, 63.7
2018-04-13 15:23:17, 29.1, 63.7
2018-04-13 15:24:19, 29.1, 63.3
2018-04-13 15:25:20, 29.1, 63.3
2018-04-13 15:26:20, 29.1, 63.3
2018-04-13 15:27:21, 29.1, 63.3
2018-04-13 15:28:22, 29.2, 63.3
2018-04-13 15:29:23, 29.2, 63.3
2018-04-13 15:30:23, 29.2, 63.3
2018-04-13 15:31:24, 29.2, 63.3
2018-04-13 15:32:26, 29.3, 61.9
2018-04-13 15:33:27, 29.3, 61.9
2018-04-13 15:34:27, 29.3, 61.9
2018-04-13 15:35:28, 29.3, 61.9
2018-04-13 15:36:30, 29.3, 63.2
2018-04-13 15:37:31, 29.3, 63.2
2018-04-13 15:38:31, 29.3, 63.2
2018-04-13 15:39:32, 29.3, 63.2
2018-04-13 15:40:34, 29.2, 63.6
2018-04-13 15:41:34, 29.2, 63.6
2018-04-13 15:42:35, 29.2, 63.6
2018-04-13 15:43:36, 29.2, 63.6
2018-04-13 15:44:38, 29.1, 64.0
2018-04-13 15:45:39, 29.1, 64.0
2018-04-13 15:46:39, 29.1, 64.0
2018-04-13 15:47:41, 29.1, 64.0
2018-04-13 15:48:42, 28.9, 64.9
2018-04-13 15:49:42, 28.9, 64.9
2018-04-13 15:50:43, 28.9, 64.9
2018-04-13 15:51:44, 28.9, 64.9
2018-04-13 15:52:46, 28.8, 61.8
2018-04-13 15:53:46, 28.8, 61.8
2018-04-13 15:54:47, 28.8, 61.8
2018-04-13 15:55:48, 28.8, 61.8
2018-04-13 15:56:50, 28.7, 61.2
2018-04-13 15:57:51, 28.7, 61.2
2018-04-13 15:58:51, 28.7, 61.2
2018-04-13 15:59:52, 28.7, 61.2
2018-04-13 16:00:53, 28.7, 61.2
2018-04-13 16:01:55, 28.7, 61.1
2018-04-13 16:02:55, 28.7, 61.1
2018-04-13 16:03:56, 28.7, 61.1
2018-04-13 16:04:57, 28.7, 61.1
2018-04-13 16:05:57, 28.7, 61.1
2018-04-13 16:06:59, 28.6, 60.6
2018-04-13 16:08:00, 28.6, 60.6
2018-04-13 16:09:01, 28.6, 60.6
2018-04-13 16:10:01, 28.6, 60.6
2018-04-13 16:11:04, 28.6, 61.2
2018-04-13 16:12:05, 28.6, 61.2
2018-04-13 16:13:06, 28.6, 61.2
2018-04-13 16:14:08, 28.6, 61.2
2018-04-13 16:15:11, 28.5, 61.8
2018-04-13 16:16:12, 28.5, 61.8
2018-04-13 16:17:12, 28.5, 61.8
2018-04-13 16:18:13, 28.5, 61.8
2018-04-13 16:19:14, 28.5, 60.7
2018-04-13 16:20:14, 28.5, 60.7
2018-04-13 16:21:15, 28.5, 60.7
2018-04-13 16:22:16, 28.5, 60.7
2018-04-13 16:23:18, 28.4, 61.2
2018-04-13 16:24:19, 28.4, 61.2
2018-04-13 16:25:19, 28.4, 61.2
2018-04-13 16:26:20, 28.4, 61.2
2018-04-13 16:27:22, 28.5, 62.2
2018-04-13 16:28:23, 28.5, 62.2
2018-04-13 16:29:24, 28.5, 62.2
2018-04-13 16:30:24, 28.5, 62.2
2018-04-13 16:31:26, 28.4, 62.9
2018-04-13 16:32:27, 28.4, 62.9
2018-04-13 16:33:28, 28.4, 62.9
2018-04-13 16:34:28, 28.4, 62.9
2018-04-13 16:35:30, 28.4, 63.2
2018-04-13 16:36:31, 28.4, 63.2
2018-04-13 16:37:32, 28.4, 63.2
2018-04-13 16:38:32, 28.4, 63.2
2018-04-13 16:39:34, 28.4, 63.4
2018-04-13 16:40:35, 28.4, 63.4
2018-04-13 16:41:36, 28.4, 63.4
2018-04-13 16:42:36, 28.4, 63.4
2018-04-13 16:43:38, 28.3, 63.1
2018-04-13 16:44:39, 28.3, 63.1
2018-04-13 16:45:39, 28.3, 63.1
2018-04-13 16:46:40, 28.3, 63.1
2018-04-13 16:47:42, 28.2, 63.6
2018-04-13 16:48:43, 28.2, 63.6
2018-04-13 16:49:43, 28.2, 63.6
2018-04-13 16:50:44, 28.2, 63.6
2018-04-13 16:51:47, 28.2, 63.6
2018-04-13 16:52:47, 28.2, 63.6
2018-04-13 16:53:48, 28.2, 63.6
2018-04-13 16:54:49, 28.2, 63.6
2018-04-13 16:55:49, 28.2, 63.6
2018-04-13 16:56:51, 28.1, 63.1
2018-04-13 16:57:52, 28.1, 63.1
2018-04-13 16:58:53, 28.1, 63.1
2018-04-13 16:59:53, 28.1, 63.1
2018-04-13 17:00:54, 28.1, 63.1
2018-04-13 17:01:57, 28.1, 63.5
2018-04-13 17:02:57, 28.1, 63.5
2018-04-13 17:03:58, 28.1, 63.5
2018-04-13 17:04:58, 28.1, 63.5
2018-04-13 17:05:59, 28.1, 63.5
2018-04-13 17:07:01, 28.0, 62.6
2018-04-13 17:08:02, 28.0, 62.6
2018-04-13 17:09:03, 28.0, 62.6
2018-04-13 17:10:04, 28.0, 62.6
2018-04-13 17:11:07, 28.0, 64.2
2018-04-13 17:12:08, 28.0, 64.2
2018-04-13 17:13:08, 28.0, 64.2
2018-04-13 17:14:09, 28.0, 64.2
2018-04-13 17:15:11, 28.0, 63.9
2018-04-13 17:16:11, 28.0, 63.9
2018-04-13 17:17:12, 28.0, 63.9
2018-04-13 17:18:13, 28.0, 63.9
2018-04-13 17:19:15, 27.9, 64.6
2018-04-13 17:20:15, 27.9, 64.6
2018-04-13 17:21:16, 27.9, 64.6
2018-04-13 17:22:16, 27.9, 64.6
2018-04-13 17:23:19, 27.9, 65.4
2018-04-13 17:24:19, 27.9, 65.4
2018-04-13 17:25:20, 27.9, 65.4
2018-04-13 17:26:20, 27.9, 65.4
2018-04-13 17:27:22, 27.9, 65.4
2018-04-13 17:28:23, 27.9, 65.4
2018-04-13 17:29:24, 27.9, 65.4
2018-04-13 17:30:25, 27.9, 65.4
2018-04-13 17:31:27, 27.8, 65.7
2018-04-13 17:32:28, 27.8, 65.7
2018-04-13 17:33:28, 27.8, 65.7
2018-04-13 17:34:29, 27.8, 65.7
2018-04-13 17:35:31, 27.8, 66.0
2018-04-13 17:36:32, 27.8, 66.0
2018-04-13 17:37:32, 27.8, 66.0
2018-04-13 17:38:33, 27.8, 66.0
2018-04-13 17:39:35, 27.8, 66.6
2018-04-13 17:40:36, 27.8, 66.6
2018-04-13 17:41:36, 27.8, 66.6
2018-04-13 17:42:37, 27.8, 66.6
2018-04-13 17:43:39, 27.7, 66.8
2018-04-13 17:44:40, 27.7, 66.8
2018-04-13 17:45:40, 27.7, 66.8
2018-04-13 17:46:41, 27.7, 66.8
2018-04-13 17:47:43, 27.7, 67.0
2018-04-13 17:48:44, 27.7, 67.0
2018-04-13 17:49:44, 27.7, 67.0
2018-04-13 17:50:45, 27.7, 67.0
2018-04-13 17:51:47, 27.6, 67.3
2018-04-13 17:52:48, 27.6, 67.3
2018-04-13 17:53:49, 27.6, 67.3
2018-04-13 17:54:49, 27.6, 67.3
2018-04-13 17:55:50, 27.6, 67.3
2018-04-13 17:56:52, 27.5, 67.5
2018-04-13 17:57:53, 27.5, 67.5
2018-04-13 17:58:53, 27.5, 67.5
2018-04-13 17:59:54, 27.5, 67.5
2018-04-13 18:00:55, 27.5, 67.5
2018-04-13 18:01:57, 27.6, 67.6
2018-04-13 18:02:57, 27.6, 67.6
2018-04-13 18:03:58, 27.6, 67.6
2018-04-13 18:04:59, 27.6, 67.6
2018-04-13 18:05:59, 27.6, 67.6
2018-04-13 18:07:02, 27.5, 67.1
2018-04-13 18:08:03, 27.5, 67.1
2018-04-13 18:09:03, 27.5, 67.1
2018-04-13 18:10:04, 27.5, 67.1
2018-04-13 18:11:06, 27.5, 68.2
2018-04-13 18:12:07, 27.5, 68.2
2018-04-13 18:13:07, 27.5, 68.2
2018-04-13 18:14:08, 27.5, 68.2
2018-04-13 18:15:10, 27.4, 67.9
2018-04-13 18:16:11, 27.4, 67.9
2018-04-13 18:17:12, 27.4, 67.9
2018-04-13 18:18:13, 27.4, 67.9
2018-04-13 18:19:15, 27.4, 67.7
2018-04-13 18:20:15, 27.4, 67.7
2018-04-13 18:21:16, 27.4, 67.7
2018-04-13 18:22:16, 27.4, 67.7
2018-04-13 18:23:19, 27.4, 68.6
2018-04-13 18:24:20, 27.4, 68.6
2018-04-13 18:25:20, 27.4, 68.6
2018-04-13 18:26:21, 27.4, 68.6
2018-04-13 18:27:23, 27.3, 68.9
2018-04-13 18:28:24, 27.3, 68.9
2018-04-13 18:29:25, 27.3, 68.9
2018-04-13 18:30:26, 27.3, 68.9
2018-04-13 18:31:28, 27.2, 69.4
2018-04-13 18:32:29, 27.2, 69.4
2018-04-13 18:33:30, 27.2, 69.4
2018-04-13 18:34:46, 27.2, 69.4
2018-04-13 18:35:47, 27.1, 69.9
2018-04-13 18:36:49, 27.1, 69.9
2018-04-13 18:37:50, 27.1, 69.9
2018-04-13 18:38:50, 27.1, 69.9
2018-04-13 18:39:52, 27.1, 69.9
2018-04-13 18:40:54, 27.0, 70.5
2018-04-13 18:41:54, 27.0, 70.5
2018-04-13 18:42:55, 27.0, 70.5
2018-04-13 18:43:56, 27.0, 70.5
2018-04-13 18:44:56, 27.0, 70.5
2018-04-13 18:45:58, 26.8, 71.2
2018-04-13 18:46:59, 26.8, 71.2
2018-04-13 18:47:59, 26.8, 71.2
2018-04-13 18:49:00, 26.8, 71.2
2018-04-13 18:50:02, 26.7, 71.8
2018-04-13 18:51:03, 26.7, 71.8
2018-04-13 18:52:03, 26.7, 71.8
2018-04-13 18:53:04, 26.7, 71.8
2018-04-13 18:54:06, 26.7, 71.4
2018-04-13 18:55:07, 26.7, 71.4
2018-04-13 18:56:08, 26.7, 71.4
2018-04-13 18:57:08, 26.7, 71.4
2018-04-13 18:58:10, 26.7, 71.4
2018-04-13 18:59:11, 26.7, 71.4
2018-04-13 19:00:11, 26.7, 71.4
2018-04-13 19:01:12, 26.7, 71.4
2018-04-13 19:02:14, 26.7, 71.9
2018-04-13 19:03:15, 26.7, 71.9
2018-04-13 19:04:15, 26.7, 71.9
2018-04-13 19:05:16, 26.7, 71.9
2018-04-13 19:06:18, 26.6, 72.2
2018-04-13 19:07:19, 26.6, 72.2
2018-04-13 19:08:19, 26.6, 72.2
2018-04-13 19:09:20, 26.6, 72.2
2018-04-13 19:10:22, 26.6, 72.6
2018-04-13 19:11:22, 26.6, 72.6
2018-04-13 19:12:23, 26.6, 72.6
2018-04-13 19:13:24, 26.6, 72.6
2018-04-13 19:14:26, 26.4, 73.1
2018-04-13 19:15:26, 26.4, 73.1
2018-04-13 19:16:27, 26.4, 73.1
2018-04-13 19:17:28, 26.4, 73.1
2018-04-13 19:18:28, 26.3, 73.4
2018-04-13 19:19:29, 26.3, 73.4
2018-04-13 19:20:30, 26.3, 73.4
2018-04-13 19:21:30, 26.3, 73.4
2018-04-13 19:22:34, 26.3, 73.5
2018-04-13 19:23:35, 26.3, 73.5
2018-04-13 19:24:36, 26.3, 73.5
2018-04-13 19:25:37, 26.3, 73.5
2018-04-13 19:26:40, 26.2, 73.9
2018-04-13 19:27:41, 26.2, 73.9
2018-04-13 19:28:41, 26.2, 73.9
2018-04-13 19:29:42, 26.2, 73.9
2018-04-13 19:30:45, 26.2, 74.0
2018-04-13 19:31:46, 26.2, 74.0
2018-04-13 19:32:47, 26.2, 74.0
2018-04-13 19:33:47, 26.2, 74.0
2018-04-13 19:34:49, 26.1, 74.8
2018-04-13 19:35:50, 26.1, 74.8
2018-04-13 19:36:51, 26.1, 74.8
2018-04-13 19:37:51, 26.1, 74.8
2018-04-13 19:38:52, 26.1, 74.8
2018-04-13 19:39:54, 26.0, 75.1
2018-04-13 19:40:55, 26.0, 75.1
2018-04-13 19:41:56, 26.0, 75.1
2018-04-13 19:42:56, 26.0, 75.1
2018-04-13 19:43:57, 26.0, 75.1
2018-04-13 19:44:59, 26.1, 75.3
2018-04-13 19:46:00, 26.1, 75.3
2018-04-13 19:47:00, 26.1, 75.3
2018-04-13 19:48:01, 26.1, 75.3
2018-04-13 19:49:03, 26.1, 76.2
2018-04-13 19:50:04, 26.1, 76.2
2018-04-13 19:51:04, 26.1, 76.2
2018-04-13 19:52:05, 26.1, 76.2
2018-04-13 19:53:07, 26.2, 76.3
2018-04-13 19:54:08, 26.2, 76.3
2018-04-13 19:55:09, 26.2, 76.3
2018-04-13 19:56:09, 26.2, 76.3
2018-04-13 19:57:11, 26.2, 77.0
2018-04-13 19:58:12, 26.2, 77.0
2018-04-13 19:59:12, 26.2, 77.0
2018-04-13 20:00:13, 26.2, 77.0
2018-04-13 20:01:15, 26.2, 77.2
2018-04-13 20:02:16, 26.2, 77.2
2018-04-13 20:03:16, 26.2, 77.2
2018-04-13 20:04:17, 26.2, 77.2
2018-04-13 20:05:19, 26.2, 76.7
2018-04-13 20:06:19, 26.2, 76.7
2018-04-13 20:07:20, 26.2, 76.7
2018-04-13 20:08:21, 26.2, 76.7
2018-04-13 20:09:22, 26.2, 77.0
2018-04-13 20:10:23, 26.2, 77.0
2018-04-13 20:11:24, 26.2, 77.0
2018-04-13 20:12:25, 26.2, 77.0
2018-04-13 20:13:26, 26.3, 76.8
2018-04-13 20:14:27, 26.3, 76.8
2018-04-13 20:15:28, 26.3, 76.8
2018-04-13 20:16:28, 26.3, 76.8
2018-04-13 20:17:30, 26.3, 76.5
2018-04-13 20:18:31, 26.3, 76.5
2018-04-13 20:19:32, 26.3, 76.5
2018-04-13 20:20:33, 26.3, 76.5
2018-04-13 20:21:35, 26.3, 76.6
2018-04-13 20:22:35, 26.3, 76.6
2018-04-13 20:23:36, 26.3, 76.6
2018-04-13 20:24:37, 26.3, 76.6
2018-04-13 20:25:39, 26.3, 75.8
2018-04-13 20:26:39, 26.3, 75.8
2018-04-13 20:27:40, 26.3, 75.8
2018-04-13 20:28:40, 26.3, 75.8
2018-04-13 20:29:42, 26.3, 75.7
2018-04-13 20:30:43, 26.3, 75.7
2018-04-13 20:31:44, 26.3, 75.7
2018-04-13 20:32:45, 26.3, 75.7
2018-04-13 20:33:47, 26.3, 75.5
2018-04-13 20:34:47, 26.3, 75.5
2018-04-13 20:35:48, 26.3, 75.5
2018-04-13 20:36:49, 26.3, 75.5
2018-04-13 20:37:50, 26.3, 75.5
2018-04-13 20:38:51, 26.3, 75.6
2018-04-13 20:39:52, 26.3, 75.6
2018-04-13 20:40:52, 26.3, 75.6
2018-04-13 20:41:53, 26.3, 75.6
2018-04-13 20:42:55, 26.2, 75.9
2018-04-13 20:43:56, 26.2, 75.9
2018-04-13 20:44:57, 26.2, 75.9
2018-04-13 20:45:57, 26.2, 75.9
2018-04-13 20:46:58, 26.2, 75.9
2018-04-13 20:48:00, 26.2, 76.4
2018-04-13 20:49:03, 26.2, 76.4
2018-04-13 20:50:04, 26.2, 76.4
2018-04-13 20:51:04, 26.2, 76.4
2018-04-13 20:52:06, 26.2, 76.4
2018-04-13 20:53:07, 26.2, 76.4
2018-04-13 20:54:08, 26.2, 76.4
2018-04-13 20:55:08, 26.2, 76.4
2018-04-13 20:56:10, 26.2, 76.5
2018-04-13 20:57:11, 26.2, 76.5
2018-04-13 20:58:12, 26.2, 76.5
2018-04-13 20:59:12, 26.2, 76.5
2018-04-13 21:00:14, 26.1, 76.8
2018-04-13 21:01:15, 26.1, 76.8
2018-04-13 21:02:16, 26.1, 76.8
2018-04-13 21:03:16, 26.1, 76.8
2018-04-13 21:04:18, 26.0, 77.3
2018-04-13 21:05:19, 26.0, 77.3
2018-04-13 21:06:32, 26.0, 77.3
2018-04-13 21:07:32, 26.0, 77.3
2018-04-13 21:08:33, 25.9, 77.5
2018-04-13 21:09:34, 25.9, 77.5
2018-04-13 21:10:34, 25.9, 77.5
2018-04-13 21:11:35, 25.9, 77.5
2018-04-13 21:12:37, 25.9, 77.6
2018-04-13 21:13:38, 25.9, 77.6
2018-04-13 21:14:38, 25.9, 77.6
2018-04-13 21:15:39, 25.9, 77.6
2018-04-13 21:16:41, 25.8, 77.7
2018-04-13 21:17:42, 25.8, 77.7
2018-04-13 21:18:42, 25.8, 77.7
2018-04-13 21:19:43, 25.8, 77.7
2018-04-13 21:20:45, 25.7, 77.6
2018-04-13 21:21:46, 25.7, 77.6
2018-04-13 21:22:46, 25.7, 77.6
2018-04-13 21:23:47, 25.7, 77.6
2018-04-13 21:24:49, 25.6, 77.9
2018-04-13 21:25:49, 25.6, 77.9
2018-04-13 21:26:50, 25.6, 77.9
2018-04-13 21:27:51, 25.6, 77.9
2018-04-13 21:28:52, 25.6, 77.9
2018-04-13 21:29:54, 25.6, 78.2
2018-04-13 21:30:54, 25.6, 78.2
2018-04-13 21:31:56, 25.6, 78.2
2018-04-13 21:32:57, 25.6, 78.2
2018-04-13 21:33:59, 25.6, 78.2
2018-04-13 21:35:01, 25.5, 78.3
2018-04-13 21:36:02, 25.5, 78.3
2018-04-13 21:37:03, 25.5, 78.3
2018-04-13 21:38:03, 25.5, 78.3
2018-04-13 21:39:05, 25.5, 78.4
2018-04-13 21:40:06, 25.5, 78.4
2018-04-13 21:41:07, 25.5, 78.4
2018-04-13 21:42:08, 25.5, 78.4
2018-04-13 21:43:09, 25.5, 78.4
2018-04-13 21:44:10, 25.5, 78.4
2018-04-13 21:45:11, 25.5, 78.4
2018-04-13 21:46:11, 25.5, 78.4
2018-04-13 21:47:13, 25.4, 78.3
2018-04-13 21:48:14, 25.4, 78.3
2018-04-13 21:49:15, 25.4, 78.3
2018-04-13 21:50:15, 25.4, 78.3
2018-04-13 21:51:17, 25.4, 78.3
2018-04-13 21:52:18, 25.4, 78.3
2018-04-13 21:53:19, 25.4, 78.3
2018-04-13 21:54:19, 25.4, 78.3
2018-04-13 21:55:21, 25.3, 78.6
2018-04-13 21:56:22, 25.3, 78.6
2018-04-13 21:57:23, 25.3, 78.6
2018-04-13 21:58:24, 25.3, 78.6
2018-04-13 21:59:26, 25.3, 78.8
2018-04-13 22:00:26, 25.3, 78.8
2018-04-13 22:01:27, 25.3, 78.8
2018-04-13 22:02:28, 25.3, 78.8
2018-04-13 22:03:30, 25.2, 79.0
2018-04-13 22:04:31, 25.2, 79.0
2018-04-13 22:05:32, 25.2, 79.0
2018-04-13 22:06:33, 25.2, 79.0
2018-04-13 22:07:35, 25.2, 79.1
2018-04-13 22:08:36, 25.2, 79.1
2018-04-13 22:09:36, 25.2, 79.1
2018-04-13 22:10:37, 25.2, 79.1
2018-04-13 22:11:39, 25.2, 79.3
2018-04-13 22:12:40, 25.2, 79.3
2018-04-13 22:13:40, 25.2, 79.3
2018-04-13 22:14:41, 25.2, 79.3
2018-04-13 22:15:43, 25.1, 79.7
2018-04-13 22:16:44, 25.1, 79.7
2018-04-13 22:17:44, 25.1, 79.7
2018-04-13 22:18:45, 25.1, 79.7
2018-04-13 22:19:47, 25.1, 79.9
2018-04-13 22:20:47, 25.1, 79.9
2018-04-13 22:21:48, 25.1, 79.9
2018-04-13 22:22:49, 25.1, 79.9
2018-04-13 22:23:50, 25.1, 79.9
2018-04-13 22:24:51, 25.1, 79.9
2018-04-13 22:25:52, 25.1, 79.9
2018-04-13 22:26:53, 25.1, 79.9
2018-04-13 22:27:54, 25.1, 79.9
2018-04-13 22:28:54, 25.1, 79.9
2018-04-13 22:29:56, 25.1, 79.8
2018-04-13 22:30:57, 25.1, 79.8
2018-04-13 22:31:58, 25.1, 79.8
2018-04-13 22:32:59, 25.1, 79.8
2018-04-13 22:33:59, 25.1, 79.8
2018-04-13 22:35:01, 25.1, 79.6
2018-04-13 22:36:02, 25.1, 79.6
2018-04-13 22:37:03, 25.1, 79.6
2018-04-13 22:38:04, 25.1, 79.6
2018-04-13 22:39:06, 25.0, 79.6
2018-04-13 22:40:07, 25.0, 79.6
2018-04-13 22:41:08, 25.0, 79.6
2018-04-13 22:42:09, 25.0, 79.6
2018-04-13 22:43:11, 25.0, 79.6
2018-04-13 22:44:12, 25.0, 79.6
2018-04-13 22:45:13, 25.0, 79.6
2018-04-13 22:46:13, 25.0, 79.6
2018-04-13 22:47:15, 25.0, 79.7
2018-04-13 22:48:16, 25.0, 79.7
2018-04-13 22:49:17, 25.0, 79.7
2018-04-13 22:50:17, 25.0, 79.7
2018-04-13 22:51:19, 25.0, 79.7
2018-04-13 22:52:20, 25.0, 79.7
2018-04-13 22:53:20, 25.0, 79.7
2018-04-13 22:54:21, 25.0, 79.7
2018-04-13 22:55:23, 25.0, 79.5
2018-04-13 22:56:24, 25.0, 79.5
2018-04-13 22:57:24, 25.0, 79.5
2018-04-13 22:58:25, 25.0, 79.5
2018-04-13 22:59:27, 25.0, 79.7
2018-04-13 23:00:28, 25.0, 79.7
2018-04-13 23:01:29, 25.0, 79.7
2018-04-13 23:02:29, 25.0, 79.7
2018-04-13 23:03:31, 24.9, 79.7
2018-04-13 23:04:32, 24.9, 79.7
2018-04-13 23:05:33, 24.9, 79.7
2018-04-13 23:06:33, 24.9, 79.7
2018-04-13 23:07:35, 24.9, 79.9
2018-04-13 23:08:37, 24.9, 79.9
2018-04-13 23:09:38, 24.9, 79.9
2018-04-13 23:10:38, 24.9, 79.9
2018-04-13 23:11:40, 24.9, 80.0
2018-04-13 23:12:41, 24.9, 80.0
2018-04-13 23:13:42, 24.9, 80.0
2018-04-13 23:14:42, 24.9, 80.0
2018-04-13 23:15:44, 24.8, 79.9
2018-04-13 23:16:45, 24.8, 79.9
2018-04-13 23:17:46, 24.8, 79.9
2018-04-13 23:18:46, 24.8, 79.9
2018-04-13 23:19:48, 24.7, 80.3
2018-04-13 23:20:49, 24.7, 80.3
2018-04-13 23:21:50, 24.7, 80.3
2018-04-13 23:22:50, 24.7, 80.3
2018-04-13 23:23:51, 24.7, 80.3
2018-04-13 23:24:53, 24.7, 80.5
2018-04-13 23:25:54, 24.7, 80.5
2018-04-13 23:26:55, 24.7, 80.5
2018-04-13 23:27:55, 24.7, 80.5
2018-04-13 23:28:56, 24.7, 80.5
2018-04-13 23:29:58, 24.6, 80.8
2018-04-13 23:30:59, 24.6, 80.8
2018-04-13 23:32:00, 24.6, 80.8
2018-04-13 23:33:00, 24.6, 80.8
2018-04-13 23:34:02, 24.6, 81.2
2018-04-13 23:35:03, 24.6, 81.2
2018-04-13 23:36:04, 24.6, 81.2
2018-04-13 23:37:04, 24.6, 81.2
2018-04-13 23:38:06, 24.6, 81.3
2018-04-13 23:39:07, 24.6, 81.3
2018-04-13 23:40:08, 24.6, 81.3
2018-04-13 23:41:08, 24.6, 81.3
2018-04-13 23:42:10, 24.5, 81.5
2018-04-13 23:43:11, 24.5, 81.5
2018-04-13 23:44:12, 24.5, 81.5
2018-04-13 23:45:12, 24.5, 81.5
2018-04-13 23:46:14, 24.5, 81.8
2018-04-13 23:47:15, 24.5, 81.8
2018-04-13 23:48:16, 24.5, 81.8
2018-04-13 23:49:16, 24.5, 81.8
2018-04-13 23:50:18, 24.5, 82.0
2018-04-13 23:51:19, 24.5, 82.0
2018-04-13 23:52:19, 24.5, 82.0
2018-04-13 23:53:20, 24.5, 82.0
2018-04-13 23:54:22, 24.4, 82.1
2018-04-13 23:55:23, 24.4, 82.1
2018-04-13 23:56:23, 24.4, 82.1
2018-04-13 23:57:24, 24.4, 82.1
2018-04-13 23:58:25, 24.4, 82.4
2018-04-13 23:59:26, 24.4, 82.4
